x,y,gray_raw,gray_clahe,gray_smooth
1241,966,89,131,129.83
1242,966,88,130,129.85
1243,966,87,129,129.92
1244,966,86,128,130.07
1245,966,86,128,130.29
1246,965,90,132,130.56
1247,965,90,132,130.82
1248,965,90,132,130.99
1249,964,91,133,131.06
1250,964,90,132,131.03
1251,963,88,130,130.95
1252,962,87,129,130.88
1253,962,87,129,130.86
1254,961,89,131,130.9
1255,960,91,133,130.97
1256,959,90,132,131.06
1257,958,89,131,131.15
1258,958,88,130,131.27
1259,957,88,130,131.43
1260,956,89,131,131.63
1261,955,91,133,131.89
1262,954,92,133,132.21
1263,953,92,133,132.58
1264,952,90,131,133.04
1265,951,91,132,133.63
1266,950,93,133,134.37
1267,949,95,136,135.28
1268,948,96,136,136.39
1269,947,97,137,137.71
1270,946,97,137,139.26
1271,945,99,138,141.07
1272,944,103,143,143.1
1273,943,105,145,145.32
1274,943,107,147,147.68
1275,942,110,151,150.11
1276,941,113,154,152.56
1277,940,114,155,155.02
1278,939,114,155,157.43
1279,938,117,158,159.75
1280,937,123,166,161.88
1281,937,124,167,163.75
1282,936,126,169,165.3
1283,935,124,167,166.56
1284,934,125,168,167.59
1285,933,125,167,168.51
1286,932,126,168,169.41
1287,931,127,169,170.37
1288,929,130,173,171.41
1289,928,130,173,172.55
1290,927,130,172,173.78
1291,926,132,175,175.09
1292,924,133,175,176.48
1293,923,134,177,177.88
1294,921,138,182,179.24
1295,920,137,180,180.45
1296,919,140,184,181.44
1297,917,141,185,182.14
1298,916,140,184,182.52
1299,914,140,183,182.62
1300,913,141,184,182.5
1301,912,141,184,182.27
1302,911,138,180,182.04
1303,910,136,177,181.86
1304,909,140,182,181.73
1305,908,141,183,181.59
1306,907,141,183,181.31
1307,906,141,183,180.76
1308,905,143,185,179.89
1309,905,140,181,178.73
1310,904,137,177,177.38
1311,904,134,172,176.01
1312,903,134,172,174.73
1313,903,134,172,173.61
1314,902,135,173,172.61
1315,902,135,173,171.6
1316,902,134,172,170.42
1317,901,134,172,168.94
1318,901,133,170,167.05
1319,901,132,168,164.73
1320,900,129,163,162.02
1321,900,127,160,159.03
1322,900,124,156,155.91
1323,900,121,151,152.78
1324,899,119,147,149.75
1325,899,117,145,146.9
1326,899,117,145,144.23
1327,899,116,143,141.73
1328,898,112,138,139.4
1329,898,111,136,137.27
1330,898,109,134,135.36
1331,897,108,132,133.74
1332,897,107,130,132.44
1333,896,107,130,131.47
1334,896,107,130,130.85
1335,895,106,129,130.54
1336,895,106,129,130.48
1337,895,106,129,130.61
1338,894,108,131,130.81
1339,894,109,133,130.99
1340,893,110,133,131.06
1341,893,109,132,130.96
1342,893,109,132,130.73
1343,892,109,132,130.46
1344,892,105,127,130.28
1345,892,105,127,130.34
1346,891,106,128,130.75
1347,891,107,129,131.53
1348,890,109,132,132.66
1349,890,110,133,134.06
1350,889,113,137,135.61
1351,889,113,137,137.21
1352,888,116,140,138.78
1353,888,116,140,140.23
1354,888,117,142,141.51
1355,887,119,145,142.58
1356,887,119,145,143.38
1357,887,119,145,143.9
1358,886,120,146,144.14
1359,886,120,146,144.11
1360,886,118,143,143.84
1361,885,119,144,143.36
1362,885,118,143,142.68
1363,884,119,144,141.81
1364,884,118,143,140.77
1365,884,116,139,139.59
1366,883,115,138,138.33
1367,883,114,137,137.07
1368,883,112,135,135.89
1369,882,112,134,134.85
1370,882,111,132,134.01
1371,882,110,131,133.39
1372,881,112,134,132.99
1373,881,111,132,132.8
1374,880,111,132,132.78
1375,880,111,132,132.91
1376,880,110,131,133.12
1377,879,112,134,133.35
1378,879,114,136,133.55
1379,878,114,136,133.69
1380,878,112,134,133.76
1381,878,111,132,133.82
1382,877,111,132,133.93
1383,877,111,132,134.12
1384,877,114,136,134.43
1385,876,115,137,134.87
1386,876,113,134,135.46
1387,876,112,133,136.23
1388,875,114,135,137.17
1389,875,115,137,138.26
1390,875,117,140,139.4
1391,874,120,144,140.51
1392,874,120,144,141.51
1393,874,119,142,142.38
1394,874,119,143,143.12
1395,873,119,142,143.77
1396,873,120,144,144.31
1397,873,121,146,144.71
1398,872,123,148,144.92
1399,872,122,147,144.89
1400,872,122,147,144.62
1401,871,120,144,144.16
1402,871,119,142,143.59
1403,870,119,142,143.01
1404,870,119,142,142.47
1405,870,119,142,142.0
1406,869,119,142,141.61
1407,869,118,140,141.29
1408,868,119,142,141.01
1409,868,118,140,140.77
1410,867,118,140,140.53
1411,866,119,141,140.27
1412,866,118,140,139.98
1413,865,119,141,139.63
1414,865,118,140,139.24
1415,864,118,139,138.85
1416,864,116,136,138.5
1417,863,117,138,138.24
1418,862,117,138,138.12
1419,862,116,136,138.11
1420,861,117,137,138.19
1421,860,119,140,138.28
1422,860,118,139,138.3
1423,859,120,142,138.2
1424,858,117,137,137.97
1425,857,118,138,137.65
1426,857,117,137,137.29
1427,856,116,135,136.98
1428,855,118,138,136.8
1429,855,115,134,136.78
1430,854,116,135,136.93
1431,853,118,138,137.24
1432,853,117,136,137.65
1433,852,120,140,138.08
1434,852,118,138,138.46
1435,851,121,142,138.77
1436,851,119,139,139.02
1437,850,120,140,139.28
1438,850,117,136,139.66
1439,849,118,137,140.25
1440,848,121,142,141.12
1441,848,120,140,142.31
1442,847,121,141,143.8
1443,846,123,144,145.52
1444,845,127,151,147.39
1445,845,125,147,149.31
1446,844,128,152,151.18
1447,843,130,155,152.91
1448,843,130,155,154.42
1449,842,131,157,155.66
1450,841,133,160,156.59
1451,841,132,158,157.2
1452,840,133,160,157.52
1453,839,131,157,157.63
1454,838,132,158,157.61
1455,838,131,156,157.54
1456,837,132,158,157.51
1457,836,132,158,157.58
1458,836,130,155,157.79
1459,835,131,156,158.15
1460,834,133,159,158.66
1461,833,134,161,159.29
1462,833,133,159,159.97
1463,832,133,159,160.66
1464,831,135,162,161.28
1465,830,136,164,161.76
1466,830,136,164,162.04
1467,829,136,164,162.08
1468,828,136,163,161.88
1469,828,135,162,161.5
1470,827,134,160,160.96
1471,826,134,160,160.31
1472,826,133,159,159.57
1473,825,135,162,158.72
1474,825,133,159,157.78
1475,824,132,156,156.76
1476,823,132,156,155.68
1477,823,130,153,154.57
1478,822,130,153,153.42
1479,822,129,151,152.19
1480,821,131,155,150.83
1481,821,130,153,149.29
1482,820,127,148,147.61
1483,820,125,145,145.86
1484,819,123,141,144.15
1485,819,122,140,142.57
1486,818,123,141,141.17
1487,818,123,141,139.96
1488,817,121,138,138.92
1489,817,120,137,138.0
1490,816,120,137,137.19
1491,816,119,136,136.44
1492,815,119,135,135.72
1493,815,119,136,134.99
1494,814,119,135,134.22
1495,814,119,136,133.41
1496,813,115,130,132.53
1497,813,116,131,131.62
1498,812,116,131,130.67
1499,812,116,131,129.69
1500,811,115,130,128.7
1501,810,113,127,127.74
1502,810,112,126,126.83
1503,809,110,123,126.02
1504,809,111,125,125.3
1505,808,111,124,124.65
1506,807,113,127,124.02
1507,807,112,126,123.41
1508,806,108,121,122.85
1509,806,106,119,122.4
1510,805,107,119,122.1
1511,804,111,124,122.01
1512,804,108,121,122.11
1513,803,109,122,122.41
1514,802,109,122,122.89
1515,802,110,122,123.54
1516,801,111,124,124.37
1517,801,112,125,125.39
1518,800,112,125,126.62
1519,799,114,127,128.1
1520,799,116,130,129.88
1521,798,116,130,132.03
1522,798,115,129,134.59
1523,797,120,135,137.56
1524,796,124,141,140.86
1525,795,126,144,144.36
1526,795,128,147,147.87
1527,794,132,153,151.19
1528,793,137,161,154.17
1529,793,137,161,156.73
1530,792,137,161,158.91
1531,791,136,159,160.83
1532,791,136,159,162.65
1533,790,138,162,164.47
1534,789,142,168,166.33
1535,789,143,170,168.2
1536,788,144,171,170.03
1537,787,145,173,171.8
1538,787,145,173,173.5
1539,786,146,174,175.14
1540,785,148,177,176.77
1541,785,148,177,178.38
1542,784,151,182,179.99
1543,783,152,183,181.59
1544,783,151,182,183.18
1545,782,152,183,184.77
1546,781,154,187,186.35
1547,780,156,189,187.93
1548,780,156,189,189.47
1549,779,157,191,190.95
1550,778,159,194,192.33
1551,778,159,194,193.57
1552,777,160,195,194.66
1553,776,161,197,195.57
1554,776,161,197,196.32
1555,775,162,199,196.93
1556,775,161,197,197.43
1557,774,161,197,197.87
1558,774,161,197,198.3
1559,773,163,200,198.73
1560,773,162,198,199.15
1561,772,164,201,199.54
1562,772,163,200,199.85
1563,771,164,201,200.06
1564,771,164,201,200.16
1565,770,164,201,200.16
1566,769,164,200,200.08
1567,769,164,200,199.99
1568,768,163,199,199.91
1569,767,163,199,199.89
1570,767,163,199,199.91
1571,766,164,200,199.96
1572,765,165,202,199.97
1573,765,164,199,199.89
1574,764,165,201,199.68
1575,763,166,203,199.34
1576,763,164,199,198.92
1577,762,163,197,198.54
1578,762,162,196,198.29
1579,761,162,195,198.27
1580,761,162,195,198.47
1581,760,165,200,198.84
1582,760,166,202,199.25
1583,760,166,202,199.61
1584,759,165,200,199.82
1585,759,165,200,199.86
1586,759,165,200,199.73
1587,758,165,200,199.44
1588,758,165,200,199.01
1589,758,164,198,198.42
1590,757,165,200,197.71
1591,757,165,200,196.9
1592,756,161,193,196.06
1593,756,161,193,195.26
1594,755,162,194,194.54
1595,755,162,194,193.93
1596,754,162,194,193.41
1597,754,161,192,192.96
1598,753,161,192,192.53
1599,752,162,193,192.07
1600,752,162,193,191.55
1601,751,161,191,190.95
1602,750,161,191,190.27
1603,750,160,189,189.5
1604,749,160,189,188.66
1605,749,159,188,187.76
1606,748,159,187,186.79
1607,748,159,187,185.79
1608,747,158,185,184.78
1609,747,157,183,183.84
1610,746,156,182,183.04
1611,746,155,180,182.43
1612,745,155,180,182.03
1613,745,155,180,181.82
1614,744,157,183,181.71
1615,743,157,183,181.57
1616,743,157,182,181.29
1617,742,158,184,180.77
1618,742,157,182,179.97
1619,741,156,180,178.92
1620,740,155,178,177.68
1621,740,153,175,176.33
1622,739,153,174,174.95
1623,739,153,174,173.57
1624,738,152,172,172.21
1625,738,151,171,170.84
1626,737,151,170,169.46
1627,737,150,168,168.03
1628,736,150,168,166.56
1629,736,149,166,165.03
1630,735,146,161,163.43
1631,735,146,161,161.71
1632,734,146,161,159.77
1633,734,146,161,157.5
1634,733,146,160,154.79
1635,733,144,157,151.61
1636,732,138,148,148.04
1637,732,135,143,144.23
1638,731,131,137,140.41
1639,730,132,138,136.79
1640,730,126,130,133.57
1641,729,123,127,130.92
1642,729,121,124,128.92
1643,728,120,123,127.56
1644,728,121,124,126.78
1645,727,124,127,126.4
1646,727,124,127,126.23
1647,726,124,127,126.07
1648,726,125,128,125.76
1649,725,125,128,125.25
1650,725,123,126,124.52
1651,725,121,124,123.67
1652,724,118,120,122.8
1653,723,118,120,122.04
1654,723,118,120,121.48
1655,722,119,121,121.2
1656,722,120,122,121.27
1657,721,117,118,121.78
1658,721,117,118,122.8
1659,720,121,122,124.43
1660,719,122,123,126.72
1661,719,124,126,129.68
1662,718,129,131,133.26
1663,718,131,134,137.38
1664,717,137,142,141.86
1665,717,139,145,146.54
1666,716,144,153,151.19
1667,716,147,158,155.63
1668,715,151,165,159.69
1669,715,152,167,163.31
1670,715,152,167,166.48
1671,714,153,168,169.26
1672,714,156,174,171.75
1673,713,157,176,174.04
1674,713,157,176,176.25
1675,712,158,177,178.45
1676,712,159,179,180.7
1677,712,160,181,182.99
1678,711,163,186,185.27
1679,711,165,190,187.43
1680,711,166,192,189.34
1681,710,167,193,190.91
1682,710,168,195,192.1
1683,710,168,195,192.94
1684,710,167,193,193.52
1685,709,168,195,193.97
1686,709,167,193,194.41
1687,709,166,191,194.9
1688,709,168,195,195.46
1689,708,170,198,196.06
1690,708,170,198,196.6
1691,708,170,198,197.01
1692,707,171,199,197.24
1693,707,170,198,197.25
1694,706,170,198,197.07
1695,706,169,196,196.74
1696,706,170,198,196.3
1697,705,169,196,195.82
1698,705,168,194,195.33
1699,705,168,194,194.86
1700,704,168,194,194.39
1701,704,168,194,193.9
1702,704,168,194,193.34
1703,703,170,197,192.7
1704,703,167,192,191.99
1705,703,166,190,191.29
1706,703,165,188,190.67
1707,702,165,188,190.17
1708,702,165,188,189.74
1709,702,166,190,189.28
1710,701,168,193,188.64
1711,701,168,193,187.71
1712,701,165,188,186.45
1713,701,164,186,184.95
1714,700,162,182,183.36
1715,700,160,178,181.88
1716,700,160,178,180.64
1717,700,159,177,179.69
1718,699,160,178,178.99
1719,699,160,178,178.38
1720,699,162,182,177.7
1721,699,161,180,176.8
1722,698,160,178,175.57
1723,698,158,174,173.97
1724,698,157,173,172.03
1725,698,156,171,169.77
1726,697,155,168,167.18
1727,697,154,166,164.3
1728,697,153,164,161.1
1729,697,151,160,157.63
1730,696,147,153,153.93
1731,696,145,150,150.08
1732,696,143,146,146.15
1733,695,141,143,142.23
1734,695,137,137,138.38
1735,695,134,133,134.65
1736,694,132,130,131.07
1737,694,130,128,127.67
1738,694,127,124,124.51
1739,694,124,121,121.64
1740,693,119,116,119.17
1741,693,116,113,117.17
1742,693,115,112,115.7
1743,693,115,112,114.73
1744,693,115,112,114.16
1745,692,118,115,113.83
1746,692,118,115,113.57
1747,692,118,115,113.21
1748,691,118,115,112.65
1749,691,116,113,111.86
1750,691,115,112,110.86
1751,690,113,110,109.76
1752,690,110,107,108.64
1753,690,108,106,107.64
1754,689,107,105,106.85
1755,689,108,106,106.35
1756,689,107,105,106.22
1757,688,106,104,106.53
1758,688,105,103,107.31
1759,688,107,105,108.6
1760,687,113,110,110.37
1761,687,114,110,112.55
1762,686,120,115,115.05
1763,686,121,116,117.73
1764,685,127,122,120.43
1765,685,129,124,123.0
1766,685,131,127,125.29
1767,684,136,133,127.19
1768,684,134,130,128.59
1769,684,134,130,129.41
1770,683,136,132,129.59
1771,683,137,134,129.06
1772,683,137,134,127.78
1773,682,134,130,125.79
1774,682,131,126,123.17
1775,681,125,119,120.1
1776,681,122,116,116.76
1777,681,120,114,113.35
1778,680,113,108,110.04
1779,680,110,105,106.94
1780,679,106,102,104.15
1781,679,104,101,101.73
1782,678,101,98,99.73
1783,678,97,95,98.19
1784,678,96,94,97.16
1785,677,97,95,96.67
1786,677,96,94,96.73
1787,677,96,94,97.31
1788,677,97,95,98.39
1789,676,104,100,99.89
1790,676,107,102,101.74
1791,676,109,103,103.9
1792,676,109,103,106.34
1793,675,116,109,109.04
1794,675,118,111,111.97
1795,675,120,113,115.09
1796,674,126,118,118.29
1797,674,129,122,121.47
1798,673,134,127,124.45
1799,673,136,129,127.1
1800,673,139,134,129.29
1801,672,140,135,130.99
1802,672,139,133,132.21
1803,671,140,135,133.05
1804,671,139,133,133.61
1805,671,138,132,134.01
1806,670,141,136,134.32
1807,670,140,135,134.57
1808,670,139,133,134.74
1809,669,142,137,134.82
1810,669,142,137,134.75
1811,669,141,135,134.55
1812,669,140,134,134.22
1813,668,140,134,133.82
1814,668,140,134,133.41
1815,668,139,132,133.08
1816,668,138,131,132.92
1817,667,139,132,132.97
1818,667,138,131,133.28
1819,667,138,131,133.81
1820,666,142,136,134.5
1821,666,142,136,135.22
1822,666,141,134,135.83
1823,665,145,141,136.19
1824,665,145,141,136.21
1825,664,143,137,135.86
1826,664,142,136,135.18
1827,664,140,133,134.25
1828,663,141,134,133.17
1829,663,140,133,132.04
1830,662,139,130,130.96
1831,662,137,128,129.99
1832,662,136,127,129.18
1833,661,138,129,128.58
1834,661,137,128,128.22
1835,660,137,128,128.18
1836,660,135,125,128.55
1837,660,134,125,129.42
1838,659,137,128,130.82
1839,659,138,129,132.73
1840,659,138,129,134.99
1841,658,147,143,137.39
1842,658,148,145,139.71
1843,658,148,145,141.76
1844,657,148,145,143.41
1845,657,147,143,144.58
1846,657,147,143,145.2
1847,656,153,155,145.18
1848,656,151,151,144.47
1849,656,149,147,143.03
1850,655,147,143,140.96
1851,655,144,138,138.4
1852,654,142,135,135.55
1853,654,140,132,132.61
1854,653,138,129,129.77
1855,653,135,126,127.13
1856,652,132,122,124.79
1857,652,131,121,122.79
1858,652,128,118,121.09
1859,651,129,119,119.66
1860,651,129,119,118.38
1861,650,129,119,117.18
1862,650,127,117,116.0
1863,649,124,114,114.8
1864,649,123,113,113.61
1865,648,122,112,112.47
1866,648,121,111,111.4
1867,647,119,109,110.41
1868,647,119,109,109.49
1869,647,119,109,108.57
1870,646,119,109,107.61
1871,646,118,108,106.57
1872,646,116,106,105.43
1873,645,113,104,104.19
1874,645,112,103,102.92
1875,645,110,101,101.68
1876,645,109,101,100.54
1877,644,105,97,99.58
1878,644,104,97,98.86
1879,643,104,97,98.42
1880,643,104,97,98.29
1881,643,104,97,98.44
1882,642,106,98,98.85
1883,642,106,98,99.46
1884,641,109,100,100.19
1885,640,111,102,100.97
1886,640,111,102,101.73
1887,639,113,104,102.45
1888,639,114,104,103.13
1889,638,112,103,103.79
1890,637,112,103,104.48
1891,637,112,103,105.21
1892,636,117,107,105.96
1893,636,117,107,106.69
1894,635,120,110,107.33
1895,635,119,109,107.85
1896,634,119,109,108.28
1897,634,118,108,108.65
1898,634,117,107,109.03
1899,633,119,109,109.48
1900,633,119,109,110.04
1901,632,122,112,110.72
1902,632,121,111,111.52
1903,632,119,109,112.38
1904,631,126,115,113.27
1905,631,126,115,114.12
1906,631,125,115,114.83
1907,630,129,118,115.35
1908,630,128,118,115.65
1909,630,127,117,115.75
1910,629,126,115,115.68
1911,629,124,114,115.5
1912,628,126,115,115.23
1913,628,126,116,114.87
1914,627,127,116,114.38
1915,627,125,115,113.71
1916,626,124,114,112.83
1917,626,123,113,111.74
1918,625,121,111,110.44
1919,625,120,110,108.98
1920,624,117,107,107.42
1921,624,116,106,105.8
1922,623,113,104,104.2
1923,623,111,102,102.67
1924,623,109,100,101.28
1925,622,107,99,100.08
1926,622,106,98,99.11
1927,622,106,98,98.42
1928,621,102,95,98.04
1929,621,102,95,97.95
1930,620,106,98,98.11
1931,620,106,98,98.47
1932,619,109,100,98.93
1933,619,108,100,99.43
1934,619,108,100,99.91
1935,618,109,100,100.35
1936,618,110,101,100.76
1937,617,112,103,101.2
1938,617,110,101,101.74
1939,617,108,100,102.45
1940,616,108,100,103.39
1941,616,109,100,104.55
1942,615,120,110,105.9
1943,615,119,109,107.36
1944,614,120,109,108.88
1945,614,119,109,110.44
1946,613,122,111,112.01
1947,613,123,112,113.58
1948,612,128,117,115.09
1949,612,128,117,116.45
1950,611,132,121,117.58
1951,611,131,120,118.4
1952,610,132,121,118.86
1953,610,132,121,118.97
1954,610,130,119,118.77
1955,609,130,119,118.31
1956,609,129,118,117.66
1957,608,130,119,116.92
1958,608,127,116,116.16
1959,608,123,112,115.48
1960,607,125,114,114.93
1961,607,124,113,114.54
1962,606,126,115,114.26
1963,606,124,113,114.05
1964,605,127,116,113.83
1965,605,125,114,113.56
1966,604,126,115,113.2
1967,604,123,112,112.77
1968,604,122,111,112.3
1969,603,124,113,111.83
1970,603,121,110,111.42
1971,602,122,111,111.08
1972,602,122,111,110.86
1973,602,120,109,110.78
1974,601,122,111,110.89
1975,601,120,109,111.18
1976,600,120,109,111.65
1977,600,123,112,112.24
1978,599,127,116,112.9
1979,599,125,114,113.57
1980,598,126,114,114.23
1981,598,125,114,114.9
1982,597,128,116,115.62
1983,597,127,115,116.47
1984,596,129,117,117.53
1985,596,128,116,118.83
1986,595,131,119,120.39
1987,595,131,119,122.18
1988,594,136,125,124.11
1989,593,140,129,126.07
1990,593,139,128,127.96
1991,592,141,130,129.67
1992,592,144,134,131.16
1993,592,144,134,132.41
1994,591,144,134,133.47
1995,591,144,134,134.39
1996,590,145,136,135.26
1997,590,144,134,136.15
1998,589,146,137,137.12
1999,589,146,137,138.2
2000,588,148,139,139.38
2001,588,148,140,140.62
2002,587,150,143,141.87
2003,587,150,143,143.07
2004,586,152,146,144.17
2005,586,152,146,145.13
2006,586,152,146,145.96
2007,585,154,149,146.68
2008,585,152,146,147.34
2009,585,152,146,147.96
2010,584,154,149,148.58
2011,584,155,151,149.21
2012,584,154,149,149.86
2013,583,155,151,150.53
2014,583,154,149,151.23
2015,582,156,153,151.94
2016,582,156,153,152.69
2017,582,156,153,153.46
2018,581,157,155,154.27
2019,581,157,155,155.12
2020,581,156,153,155.99
2021,580,158,157,156.83
2022,580,159,159,157.57
2023,579,160,162,158.12
2024,579,159,159,158.43
2025,579,159,160,158.5
2026,578,160,162,158.39
2027,578,158,157,158.23
2028,578,156,153,158.13
2029,577,157,155,158.19
2030,577,158,158,158.41
2031,577,160,162,158.74
2032,576,159,160,159.08
2033,576,159,160,159.37
2034,576,158,158,159.55
2035,575,160,162,159.62
2036,575,159,160,159.61
2037,575,159,160,159.54
2038,574,158,158,159.45
2039,574,158,158,159.34
2040,573,159,160,159.21
2041,573,159,160,159.0
2042,572,159,160,158.67
2043,572,159,160,158.16
2044,571,158,158,157.46
2045,571,158,158,156.6
2046,570,157,155,155.61
2047,570,157,155,154.57
2048,569,156,153,153.53
2049,569,155,151,152.55
2050,568,155,151,151.68
2051,568,155,151,150.96
2052,567,155,151,150.41
2053,567,153,147,150.06
2054,566,154,149,149.93
2055,566,153,147,150.0
2056,565,155,151,150.22
2057,565,155,151,150.51
2058,565,155,151,150.78
2059,564,156,153,150.95
2060,564,156,153,150.98
2061,563,155,151,150.88
2062,563,155,151,150.69
2063,563,154,149,150.49
2064,562,154,149,150.32
2065,562,154,149,150.18
2066,561,155,151,150.0
2067,561,155,151,149.71
2068,561,155,151,149.23
2069,560,156,153,148.49
2070,560,154,149,147.5
2071,559,150,143,146.3
2072,559,152,146,144.93
2073,559,150,143,143.43
2074,558,150,143,141.78
2075,558,149,142,139.97
2076,558,148,140,137.98
2077,557,145,136,135.79
2078,557,143,133,133.41
2079,557,142,132,130.83
2080,557,140,128,128.04
2081,556,139,127,125.01
2082,556,136,124,121.71
2083,556,133,120,118.11
2084,556,129,116,114.24
2085,555,124,111,110.18
2086,555,119,105,106.03
2087,555,115,102,101.94
2088,554,107,95,98.06
2089,554,104,92,94.53
2090,554,100,89,91.48
2091,553,96,86,88.99
2092,553,93,84,87.13
2093,553,92,83,85.93
2094,553,90,81,85.37
2095,552,91,82,85.39
2096,552,94,84,85.88
2097,552,97,87,86.71
2098,551,101,90,87.78
2099,551,101,90,89.04
2100,551,100,89,90.52
2101,551,99,88,92.29
2102,550,103,91,94.42
2103,550,105,93,96.9
2104,549,114,100,99.63
2105,549,117,104,102.47
2106,549,121,107,105.23
2107,548,126,112,107.77
2108,548,126,112,110.01
2109,547,127,113,111.99
2110,547,127,113,113.77
2111,546,129,115,115.45
2112,546,128,114,117.09
2113,545,133,120,118.73
2114,545,135,122,120.33
2115,545,136,124,121.88
2116,544,135,122,123.31
2117,544,136,124,124.62
2118,543,139,128,125.79
2119,543,139,128,126.83
2120,543,140,129,127.75
2121,543,139,128,128.59
2122,542,140,129,129.42
2123,542,140,129,130.25
2124,542,141,130,131.11
2125,542,142,132,131.94
2126,541,144,135,132.72
2127,541,144,135,133.39
2128,541,144,135,133.95
2129,540,144,135,134.44
2130,540,143,134,134.94
2131,540,142,133,135.52
2132,540,142,133,136.2
2133,539,145,137,136.96
2134,539,147,140,137.7
2135,539,148,142,138.34
2136,538,147,140,138.82
2137,538,146,139,139.13
2138,538,146,139,139.32
2139,538,145,138,139.45
2140,537,147,141,139.6
2141,537,146,139,139.81
2142,537,146,139,140.12
2143,537,146,139,140.52
2144,536,147,141,140.97
2145,536,147,141,141.39
2146,535,149,144,141.68
2147,535,149,144,141.75
2148,535,149,145,141.55
2149,534,148,142,141.09
2150,534,146,139,140.44
2151,533,148,142,139.68
2152,533,143,135,138.94
2153,532,145,138,138.32
2154,532,145,138,137.96
2155,531,145,138,137.96
2156,531,143,134,138.46
2157,530,142,133,139.52
2158,530,144,136,141.14
2159,530,146,140,143.19
2160,529,153,151,145.46
2161,529,153,151,147.71
2162,529,153,151,149.71
2163,529,154,153,151.35
2164,528,155,156,152.57
2165,528,155,156,153.4
2166,528,154,153,153.89
2167,528,154,153,154.1
2168,527,155,156,154.06
2169,527,155,156,153.81
2170,527,155,156,153.38
2171,526,153,152,152.85
2172,526,153,152,152.33
2173,526,152,150,151.97
2174,525,151,149,151.87
2175,525,151,149,152.11
2176,525,152,150,152.7
2177,524,154,154,153.56
2178,524,154,154,154.57
2179,524,155,157,155.6
2180,523,156,159,156.53
2181,523,156,159,157.28
2182,523,156,159,157.83
2183,522,155,157,158.21
2184,522,156,159,158.44
2185,522,156,159,158.57
2186,521,156,159,158.61
2187,521,156,159,158.6
2188,520,156,159,158.54
2189,520,156,159,158.5
2190,520,156,159,158.52
2191,519,153,153,158.65
2192,519,156,160,158.91
2193,518,156,159,159.29
2194,518,156,160,159.74
2195,518,156,160,160.2
2196,517,157,162,160.62
2197,517,157,162,160.96
2198,517,157,162,161.22
2199,516,156,160,161.4
2200,516,157,162,161.54
2201,516,157,162,161.67
2202,516,157,163,161.83
2203,515,156,160,162.06
2204,515,156,160,162.36
2205,515,157,163,162.72
2206,515,157,163,163.08
2207,515,158,166,163.4
2208,515,158,166,163.65
2209,515,157,163,163.84
2210,514,157,163,164.03
2211,514,157,163,164.31
2212,514,157,163,164.72
2213,514,157,164,165.3
2214,514,158,166,166.04
2215,514,158,167,166.87
2216,514,158,167,167.69
2217,513,159,169,168.39
2218,513,160,172,168.86
2219,513,160,172,169.05
2220,513,160,172,168.96
2221,512,159,169,168.67
2222,512,158,167,168.3
2223,512,157,165,167.99
2224,511,157,165,167.85
2225,511,158,167,167.87
2226,511,158,168,168.01
2227,510,159,170,168.13
2228,510,159,170,168.09
2229,510,159,170,167.8
2230,510,159,170,167.2
2231,510,158,168,166.34
2232,510,157,165,165.28
2233,509,156,163,164.14
2234,509,155,161,163.02
2235,509,155,161,161.97
2236,509,155,161,161.01
2237,509,155,162,160.14
2238,509,154,159,159.36
2239,508,153,157,158.66
2240,508,153,157,158.04
2241,508,153,157,157.51
2242,508,153,157,157.05
2243,507,153,157,156.62
2244,507,153,157,156.19
2245,507,152,156,155.75
2246,506,152,155,155.26
2247,506,151,154,154.74
2248,506,152,156,154.22
2249,506,151,154,153.75
2250,505,150,152,153.38
2251,505,149,151,153.17
2252,505,149,151,153.17
2253,505,150,152,153.36
2254,504,151,154,153.69
2255,504,151,154,154.06
2256,504,152,156,154.32
2257,504,152,156,154.36
2258,504,152,157,154.09
2259,504,152,157,153.46
2260,503,150,153,152.46
2261,503,149,152,151.15
2262,503,148,149,149.55
2263,503,148,149,147.68
2264,503,146,146,145.54
2265,503,146,146,143.09
2266,502,145,144,140.34
2267,502,143,139,137.31
2268,502,140,133,134.06
2269,502,138,130,130.71
2270,501,136,126,127.36
2271,501,135,125,124.08
2272,501,131,119,120.95
2273,501,130,117,117.98
2274,500,128,114,115.17
2275,500,126,112,112.47
2276,500,124,110,109.85
2277,500,122,108,107.26
2278,500,120,105,104.65
2279,500,119,104,102.03
2280,499,114,98,99.46
2281,499,112,96,97.02
2282,499,108,93,94.8
2283,499,105,90,92.89
2284,498,104,89,91.36
2285,498,104,89,90.25
2286,498,103,88,89.59
2287,498,102,87,89.38
2288,497,102,87,89.6
2289,497,103,88,90.25
2290,497,105,90,91.27
2291,496,107,92,92.63
2292,496,108,93,94.25
2293,495,111,95,96.08
2294,495,114,98,98.04
2295,495,116,101,100.1
2296,494,117,102,102.22
2297,494,119,104,104.4
2298,494,121,106,106.66
2299,494,123,109,109.04
2300,493,125,110,111.56
2301,493,127,113,114.25
2302,493,129,116,117.11
2303,493,131,119,120.11
2304,493,134,124,123.22
2305,493,136,127,126.37
2306,493,137,129,129.51
2307,493,139,133,132.58
2308,493,141,137,135.53
2309,493,142,139,138.32
2310,493,143,142,140.9
2311,493,144,144,143.23
2312,493,145,147,145.27
2313,492,146,149,146.97
2314,492,147,151,148.32
2315,492,147,151,149.32
2316,492,147,151,150.01
2317,492,147,151,150.44
2318,492,147,151,150.65
2319,492,147,151,150.69
2320,492,147,151,150.58
2321,492,147,151,150.32
2322,492,147,151,149.92
2323,492,147,151,149.41
2324,492,146,150,148.86
2325,492,145,148,148.38
2326,492,143,143,148.05
2327,491,144,145,147.96
2328,491,145,148,148.12
2329,491,145,148,148.46
2330,490,146,150,148.88
2331,490,146,150,149.27
2332,489,147,152,149.53
2333,489,146,150,149.61
2334,489,146,150,149.48
2335,488,146,150,149.14
2336,488,146,150,148.6
2337,488,145,148,147.87
2338,487,145,148,146.99
2339,487,145,148,146.04
2340,487,144,145,145.12
2341,487,143,143,144.37
2342,487,141,138,143.9
2343,487,141,138,143.78
2344,487,145,148,144.01
2345,487,144,145,144.55
2346,486,143,143,145.28
2347,486,143,143,146.08
2348,486,145,148,146.79
2349,486,146,151,147.24
2350,486,147,153,147.29
2351,486,146,151,146.85
2352,486,144,146,145.94
2353,486,144,146,144.64
2354,485,143,143,143.08
2355,485,142,141,141.44
2356,485,141,139,139.83
2357,485,140,137,138.34
2358,485,139,134,137.02
2359,485,139,135,135.84
2360,485,140,137,134.76
2361,485,139,135,133.77
2362,485,138,133,132.87
2363,484,137,130,132.12
2364,484,136,129,131.61
2365,484,136,129,131.44
2366,484,137,130,131.65
2367,484,137,130,132.23
2368,484,137,130,133.12
2369,484,138,133,134.15
2370,483,141,139,135.18
2371,483,142,141,136.06
2372,483,141,139,136.74
2373,483,139,135,137.24
2374,482,140,137,137.63
2375,482,140,137,137.99
2376,482,140,137,138.4
2377,482,141,139,138.86
2378,482,142,141,139.37
2379,482,142,141,139.92
2380,482,141,139,140.49
2381,482,141,139,141.05
2382,482,142,141,141.55
2383,482,143,144,141.89
2384,482,144,145,141.96
2385,482,144,146,141.7
2386,482,143,144,141.14
2387,482,142,141,140.37
2388,482,140,137,139.58
2389,482,139,135,138.95
2390,482,138,133,138.57
2391,481,141,139,138.43
2392,481,141,139,138.41
2393,481,142,141,138.33
2394,481,142,141,137.99
2395,481,142,141,137.27
2396,481,141,139,136.14
2397,481,139,135,134.66
2398,481,138,133,132.92
2399,481,136,129,131.08
2400,481,137,131,129.22
2401,481,134,126,127.43
2402,481,132,122,125.69
2403,481,133,124,123.95
2404,481,134,126,122.14
2405,481,133,124,120.2
2406,481,130,119,118.12
2407,481,126,114,115.98
2408,481,124,112,113.91
2409,481,123,111,112.06
2410,480,121,108,110.59
2411,480,120,107,109.65
2412,480,119,106,109.33
2413,480,118,105,109.65
2414,480,118,105,110.55
2415,479,121,108,111.85
2416,479,130,119,113.3
2417,479,130,119,114.63
2418,479,130,119,115.65
2419,479,130,119,116.27
2420,479,129,118,116.54
2421,479,127,116,116.6
2422,479,126,115,116.63
2423,479,125,113,116.8
2424,479,128,117,117.24
2425,479,127,116,117.98
2426,478,128,117,119.01
2427,478,129,118,120.24
2428,478,132,123,121.53
2429,478,134,126,122.77
2430,478,134,127,123.87
2431,478,133,124,124.78
2432,478,133,125,125.51
2433,478,134,127,126.07
2434,478,134,127,126.49
2435,478,133,125,126.74
2436,477,136,130,126.81
2437,477,137,131,126.68
2438,477,135,128,126.38
2439,477,131,121,125.94
2440,477,133,125,125.43
2441,476,134,126,124.85
2442,476,134,126,124.23
2443,476,133,124,123.54
2444,476,133,124,122.79
2445,476,131,121,122.0
2446,476,130,120,121.19
2447,476,130,120,120.37
2448,476,130,120,119.55
2449,475,130,120,118.72
2450,475,129,118,117.88
2451,475,128,117,117.04
2452,475,127,116,116.24
2453,475,126,115,115.54
2454,475,125,113,114.99
2455,475,124,112,114.61
2456,474,126,115,114.43
2457,474,126,115,114.44
2458,474,125,113,114.59
2459,474,125,113,114.85
2460,473,127,116,115.15
2461,473,127,116,115.42
2462,473,128,117,115.57
2463,473,128,117,115.56
2464,473,128,117,115.36
2465,473,127,116,114.97
2466,473,126,115,114.47
2467,473,125,113,113.95
2468,473,124,112,113.49
2469,473,124,112,113.16
2470,473,123,111,112.98
2471,473,123,112,112.93
2472,473,125,114,112.93
2473,473,125,114,112.9
2474,473,126,115,112.78
2475,473,125,114,112.53
2476,473,123,112,112.15
2477,473,121,109,111.68
2478,472,123,112,111.12
2479,472,123,112,110.49
2480,472,122,111,109.74
2481,472,121,109,108.86
2482,472,120,108,107.82
2483,472,119,108,106.61
2484,472,118,107,105.26
2485,472,116,105,103.8
2486,472,112,101,102.33
2487,472,110,99,100.89
2488,472,109,98,99.55
2489,472,109,98,98.32
2490,472,108,97,97.14
2491,472,108,97,95.97
2492,472,107,96,94.75
2493,472,105,95,93.44
2494,472,102,92,92.07
2495,472,100,90,90.72
2496,472,98,89,89.47
2497,472,96,87,88.45
2498,471,93,84,87.74
2499,471,93,84,87.37
2500,471,95,86,87.32
2501,471,97,88,87.51
2502,471,98,89,87.82
2503,471,99,89,88.15
2504,471,99,89,88.45
2505,471,98,89,88.68
2506,471,97,88,88.82
2507,471,98,89,88.87
2508,471,99,90,88.82
2509,471,99,90,88.66
2510,471,98,89,88.39
2511,471,98,89,88.04
2512,471,96,87,87.65
2513,471,95,86,87.29
2514,471,94,86,86.98
2515,471,95,86,86.75
2516,471,95,87,86.58
2517,471,96,87,86.45
2518,471,95,87,86.34
2519,471,94,86,86.23
2520,471,93,85,86.14
2521,471,94,86,86.07
2522,471,94,86,86.0
2523,471,94,86,85.91
2524,470,95,87,85.8
2525,470,94,86,85.64
2526,470,93,85,85.41
2527,470,93,85,85.12
2528,470,94,86,84.75
2529,470,93,85,84.33
2530,470,92,84,83.86
2531,470,91,83,83.39
2532,470,90,82,82.94
2533,470,89,82,82.53
2534,470,90,82,82.18
2535,470,90,82,81.86
2536,470,88,81,81.53
2537,470,89,82,81.16
2538,470,89,82,80.7
2539,470,88,81,80.11
2540,470,87,80,79.4
2541,470,86,79,78.58
2542,469,85,78,77.7
2543,469,84,77,76.79
2544,469,80,74,75.93
2545,468,81,75,75.17
2546,468,80,74,74.56
2547,467,80,73,74.14
2548,467,79,73,73.97
2549,467,78,72,74.07
2550,466,79,73,74.46
2551,466,79,73,75.12
2552,466,81,74,75.98
2553,465,85,78,76.95
2554,465,87,79,77.87
2555,465,89,81,78.62
2556,465,90,82,79.08
2557,465,89,81,79.21
2558,465,87,80,78.99
2559,465,86,79,78.46
2560,465,87,80,77.71
2561,465,84,77,76.83
2562,465,81,75,75.9
2563,465,79,73,75.03
2564,464,80,73,74.26
2565,464,80,73,73.62
2566,464,80,74,73.11
2567,464,79,73,72.7
2568,464,77,71,72.41
2569,464,77,71,72.22
2570,464,78,72,72.13
2571,464,78,72,72.15
2572,464,78,72,72.28
2573,464,78,72,72.51
2574,464,78,72,72.82
2575,464,78,72,73.19
2576,464,81,75,73.6
2577,464,80,74,74.01
2578,463,81,75,74.4
2579,463,81,75,74.75
2580,463,81,75,75.07
2581,463,81,75,75.33
2582,462,83,76,75.54
2583,462,83,76,75.67
2584,462,83,76,75.69
2585,462,83,77,75.59
2586,462,83,77,75.35
2587,462,82,76,75.0
2588,462,80,74,74.59
2589,462,79,73,74.16
2590,462,77,71,73.72
2591,461,81,75,73.27
2592,461,80,74,72.76
2593,461,80,74,72.15
2594,461,79,73,71.41
2595,461,75,70,70.55
2596,461,74,69,69.61
2597,461,73,69,68.62
2598,461,70,66,67.61
2599,460,72,67,66.57
2600,460,72,67,65.48
2601,460,70,66,64.31
2602,460,66,63,63.04
2603,460,62,60,61.67
2604,459,66,62,60.21
2605,459,62,60,58.66
2606,459,58,57,57.08
2607,459,56,56,55.51
2608,459,50,51,54.02
2609,459,49,51,52.66
2610,458,53,53,51.49
2611,458,48,50,50.55
2612,458,44,47,49.85
2613,458,43,46,49.39
2614,458,44,47,49.11
2615,457,53,53,48.93
2616,457,48,50,48.77
2617,457,47,49,48.58
2618,457,45,48,48.34
2619,456,46,48,48.08
2620,456,44,47,47.86
2621,456,41,45,47.7
2622,455,47,49,47.59
2623,455,46,48,47.52
2624,455,44,47,47.45
2625,454,48,49,47.34
2626,454,45,47,47.17
2627,454,44,47,46.94
2628,454,43,46,46.64
2629,453,46,48,46.28
2630,453,43,46,45.88
2631,453,41,45,45.44
2632,452,43,45,44.98
2633,452,42,45,44.52
2634,452,39,43,44.07
2635,452,38,43,43.63
2636,451,41,44,43.19
2637,451,40,44,42.75
2638,451,38,42,42.31
2639,451,36,41,41.87
2640,451,36,41,41.46
2641,451,36,41,41.09
2642,451,36,41,40.76
2643,451,35,40,40.49
2644,451,35,40,40.27
2645,450,35,40,40.12
2646,450,34,40,40.06
2647,450,33,39,40.11
2648,450,33,39,40.27
2649,450,34,40,40.55
2650,450,35,40,40.9
2651,450,37,42,41.29
2652,450,38,43,41.66
2653,450,38,43,41.96
2654,449,38,42,42.2
2655,449,38,42,42.36
2656,449,38,43,42.47
2657,449,38,43,42.54
2658,449,37,42,42.6
2659,448,39,43,42.66
2660,448,38,42,42.72
2661,448,39,43,42.8
2662,448,39,43,42.91
2663,448,39,43,43.03
2664,448,38,43,43.19
2665,448,38,43,43.39
2666,448,38,43,43.63
2667,447,40,44,43.91
2668,447,40,44,44.22
2669,447,41,45,44.57
2670,447,41,45,44.98
2671,447,41,45,45.48
2672,447,42,45,46.08
2673,447,42,45,46.82
2674,447,44,47,47.67
2675,447,46,48,48.56
2676,447,48,49,49.41
2677,446,56,55,50.13
2678,446,53,53,50.65
2679,446,51,51,50.96
2680,446,51,51,51.11
2681,446,50,51,51.2
2682,446,49,50,51.3
2683,446,49,50,51.5
2684,445,52,52,51.85
2685,445,52,52,52.41
2686,445,52,52,53.2
2687,445,52,52,54.26
2688,445,52,52,55.61
2689,444,60,58,57.24
2690,444,62,59,59.11
2691,444,63,60,61.17
2692,444,63,60,63.35
2693,443,74,68,65.58
2694,443,76,70,67.81
2695,443,78,71,70.02
2696,443,79,72,72.25
2697,443,80,73,74.6
2698,443,82,74,77.14
2699,443,85,77,79.9
2700,443,88,80,82.85
2701,442,100,90,85.88
2702,442,102,91,88.85
2703,442,103,92,91.65
2704,442,109,97,94.2
2705,442,110,98,96.51
2706,442,111,99,98.64
2707,442,113,100,100.7
2708,442,114,101,102.76
2709,442,116,103,104.91
2710,441,122,108,107.16
2711,441,123,109,109.5
2712,441,126,112,111.85
2713,441,128,114,114.15
2714,441,130,117,116.29
2715,440,134,122,118.21
2716,440,134,122,119.85
2717,440,134,122,121.22
2718,440,135,123,122.37
2719,440,136,124,123.35
2720,440,135,123,124.24
2721,440,135,123,125.07
2722,439,139,128,125.85
2723,439,139,128,126.55
2724,439,139,128,127.16
2725,439,139,128,127.68
2726,439,139,128,128.12
2727,439,139,128,128.52
2728,439,140,129,128.92
2729,439,140,129,129.34
2730,439,140,129,129.8
2731,438,141,131,130.3
2732,438,141,131,130.87
2733,438,141,131,131.52
2734,438,141,131,132.25
2735,438,141,131,133.08
2736,437,144,135,133.97
2737,437,144,135,134.87
2738,437,145,137,135.75
2739,437,145,137,136.55
2740,437,146,138,137.24
2741,437,146,138,137.82
2742,437,147,139,138.32
2743,437,147,139,138.75
2744,437,147,139,139.16
2745,437,147,139,139.58
2746,437,147,139,140.03
2747,437,148,141,140.52
2748,437,148,141,141.05
2749,437,148,141,141.59
2750,437,149,143,142.14
2751,437,149,143,142.67
2752,437,149,143,143.18
2753,437,149,143,143.68
2754,437,150,145,144.16
2755,437,150,145,144.63
2756,437,150,145,145.11
2757,437,150,145,145.61
2758,437,150,145,146.15
2759,437,151,147,146.73
2760,437,152,148,147.36
2761,437,152,148,148.06
2762,437,152,148,148.81
2763,437,152,148,149.6
2764,437,153,150,150.39
2765,437,154,152,151.1
2766,437,155,154,151.66
2767,437,156,156,152.0
2768,437,154,152,152.1
2769,437,154,152,151.99
2770,437,154,152,151.72
2771,437,154,152,151.38
2772,437,153,150,151.02
2773,437,153,150,150.7
2774,437,153,150,150.43
2775,437,153,150,150.24
2776,437,153,150,150.09
2777,437,153,150,149.98
2778,437,153,150,149.89
2779,437,153,150,149.8
2780,437,153,150,149.71
2781,437,153,150,149.64
2782,437,152,148,149.58
2783,437,152,148,149.52
2784,437,154,152,149.46
2785,437,153,150,149.39
2786,437,153,150,149.32
2787,437,152,148,149.26
2788,437,152,148,149.24
2789,437,152,148,149.29
2790,437,153,150,149.4
2791,437,153,150,149.56
2792,437,153,150,149.73
2793,437,153,150,149.91
2794,437,153,150,150.08
2795,437,153,150,150.23
2796,437,153,150,150.37
2797,437,154,151,150.46
2798,437,154,151,150.47
2799,437,154,151,150.34
2800,437,154,151,150.0
2801,437,154,151,149.39
2802,437,154,151,148.43
2803,437,153,150,147.11
2804,437,152,148,145.44
2805,437,150,144,143.47
2806,437,148,140,141.26
2807,437,147,138,138.84
2808,437,147,138,136.25
2809,437,145,136,133.46
2810,437,142,132,130.47
2811,437,139,128,127.3
2812,437,136,124,124.0
2813,437,133,121,120.65
2814,437,128,116,117.35
2815,437,125,113,114.19
2816,437,121,109,111.27
2817,437,119,107,108.62
2818,437,116,105,106.25
2819,437,114,103,104.18
2820,437,112,102,102.39
2821,437,110,100,100.89
2822,437,108,98,99.69
2823,437,106,97,98.84
2824,437,104,95,98.35
2825,437,106,97,98.22
2826,437,107,97,98.46
2827,437,108,98,99.01
2828,437,109,99,99.84
2829,437,110,100,100.89
2830,437,112,102,102.15
2831,437,113,102,103.56
2832,437,116,105,105.12
2833,437,117,106,106.79
2834,437,120,109,108.56
2835,437,122,110,110.42
2836,437,124,112,112.36
2837,437,126,114,114.38
2838,437,128,116,116.51
2839,437,130,118,118.75
2840,437,132,120,121.1
2841,437,134,123,123.55
2842,437,137,126,126.06
2843,437,140,129,128.57
2844,437,142,132,131.03
2845,437,144,134,133.37
2846,437,146,136,135.57
2847,437,148,140,137.58
2848,437,148,140,139.38
2849,437,149,141,140.94
2850,437,150,143,142.25
2851,437,151,145,143.28
2852,437,152,147,143.99
2853,437,152,147,144.39
2854,437,151,145,144.54
2855,437,151,145,144.52
2856,437,150,143,144.41
2857,437,150,143,144.3
2858,437,150,143,144.22
2859,437,151,145,144.16
2860,437,151,145,144.06
2861,437,151,145,143.87
2862,437,151,145,143.56
2863,437,151,145,143.14
2864,437,149,141,142.66
2865,437,149,141,142.17
2866,437,149,141,141.73
2867,437,149,141,141.35
2868,437,149,141,141.02
2869,437,149,141,140.72
2870,437,149,141,140.43
2871,437,149,141,140.12
2872,437,148,139,139.8
2873,437,148,139,139.48
2874,437,148,139,139.17
2875,437,148,139,138.88
2876,437,148,139,138.64
2877,437,147,138,138.5
2878,437,147,138,138.52
2879,437,147,138,138.78
2880,437,146,136,139.37
2881,437,146,136,140.34
2882,437,148,139,141.66
2883,437,150,143,143.25
2884,437,152,147,145.0
2885,437,154,150,146.81
2886,437,153,149,148.62
2887,437,152,147,150.44
2888,437,155,152,152.28
2889,437,156,154,154.18
2890,437,157,155,156.12
2891,437,159,159,158.06
2892,437,160,161,159.91
2893,437,161,163,161.61
2894,437,162,165,163.09
2895,437,162,165,164.35
2896,437,163,167,165.38
2897,437,163,167,166.22
2898,437,163,167,166.93
2899,437,163,167,167.54
2900,437,163,167,168.1
2901,437,164,169,168.6
2902,437,165,171,169.04
2903,437,165,171,169.44
2904,437,164,169,169.83
2905,437,164,169,170.26
2906,437,164,169,170.78
2907,437,165,171,171.42
2908,437,165,171,172.16
2909,437,166,173,172.95
2910,437,167,175,173.72
2911,437,168,176,174.4
2912,437,168,176,174.94
2913,437,168,176,175.31
2914,437,168,176,175.54
2915,437,168,176,175.65
2916,437,168,176,175.7
2917,437,167,175,175.69
2918,437,167,175,175.62
2919,437,167,175,175.43
2920,437,169,178,175.06
2921,437,168,177,174.41
2922,437,167,175,173.42
2923,437,167,175,172.09
2924,437,166,173,170.52
2925,437,164,169,168.87
2926,437,161,164,167.33
2927,437,159,160,166.1
2928,437,160,162,165.27
2929,437,161,164,164.86
2930,437,161,164,164.78
2931,437,162,166,164.93
2932,437,162,166,165.18
2933,437,162,166,165.44
2934,437,162,166,165.67
2935,437,161,164,165.86
2936,437,162,166,165.99
2937,437,163,168,166.07
2938,437,163,168,166.08
2939,437,162,166,166.06
2940,437,161,164,166.02
2941,437,161,164,165.95
2942,437,162,166,165.83
2943,437,164,170,165.62
2944,437,162,166,165.28
2945,437,162,166,164.84
2946,437,161,164,164.33
2947,437,160,162,163.83
2948,437,160,162,163.43
2949,437,160,162,163.17
2950,437,160,162,163.01
2951,437,160,162,162.91
2952,437,162,166,162.75
2953,437,161,164,162.45
2954,437,161,164,161.95
2955,437,160,162,161.28
2956,437,159,160,160.48
2957,437,158,159,159.66
2958,437,158,159,158.94
2959,437,157,156,158.43
2960,437,157,156,158.22
2961,437,157,156,158.36
2962,437,157,156,158.84
2963,437,158,159,159.58
2964,437,159,160,160.49
2965,437,160,163,161.42
2966,437,161,165,162.26
2967,437,161,165,162.93
2968,437,160,163,163.39
2969,437,160,163,163.64
2970,437,161,165,163.66
2971,437,161,165,163.45
2972,437,161,165,162.95
2973,437,160,163,162.13
2974,437,160,163,160.97
2975,437,160,163,159.46
2976,437,158,159,157.63
2977,437,156,155,155.55
2978,437,155,153,153.29
2979,437,154,151,150.93
2980,437,153,149,148.52
2981,437,152,147,146.11
2982,437,150,143,143.74
2983,437,148,139,141.46
2984,437,148,139,139.29
2985,437,147,138,137.28
2986,437,145,135,135.49
2987,437,143,132,133.97
2988,437,142,130,132.83
2989,437,141,129,132.12
2990,437,141,129,131.87
2991,437,141,129,132.04
2992,437,143,132,132.54
2993,437,144,133,133.22
2994,437,146,136,133.96
2995,437,147,138,134.66
2996,437,146,136,135.33
2997,437,145,135,136.02
2998,437,144,133,136.81
2999,437,144,133,137.77
3000,437,149,141,138.89
3001,437,149,141,140.12
3002,437,150,143,141.38
3003,437,150,143,142.56
3004,437,150,143,143.62
3005,437,151,146,144.51
3006,437,151,146,145.19
3007,437,151,146,145.65
3008,437,153,150,145.87
3009,437,152,147,145.91
3010,437,151,146,145.81
3011,437,150,143,145.64
3012,437,150,143,145.46
3013,437,151,146,145.25
3014,437,152,147,145.0
3015,437,153,150,144.69
3016,438,149,142,144.36
3017,438,149,142,144.08
3018,438,149,142,143.95
3019,438,149,142,144.03
3020,439,149,142,144.31
3021,439,150,144,144.74
3022,439,152,148,145.19
3023,439,152,148,145.53
3024,439,151,147,145.71
3025,439,151,147,145.68
3026,439,151,147,145.5
3027,440,148,141,145.23
3028,440,150,145,144.93
3029,440,151,147,144.66
3030,440,150,145,144.47
3031,440,149,143,144.38
3032,441,147,139,144.37
3033,441,150,145,144.39
3034,441,151,147,144.35
3035,441,151,147,144.19
3036,441,152,149,143.86
3037,442,148,141,143.42
3038,442,148,141,142.96
3039,442,147,140,142.59
3040,442,147,140,142.37
3041,442,148,141,142.27
3042,442,150,145,142.22
3043,442,150,145,142.11
3044,442,149,143,141.85
3045,442,148,141,141.42
3046,442,148,141,140.82
3047,442,148,141,140.1
3048,442,148,141,139.32
3049,443,145,137,138.52
3050,443,144,135,137.76
3051,443,145,137,137.04
3052,443,146,138,136.37
3053,443,146,138,135.76
3054,443,143,134,135.15
3055,443,141,130,134.44
3056,443,142,132,133.43
3057,443,145,137,131.81
3058,443,147,140,129.26
3059,443,146,138,125.56
3060,443,143,134,120.73
3061,444,124,111,115.03
3062,444,116,104,108.99
3063,444,109,99,103.25
3064,444,107,97,98.46
3065,445,82,77,95.11
3066,445,86,80,93.48
3067,445,91,84,93.57
3068,445,99,91,95.12
3069,445,107,97,97.67
3070,445,116,104,100.75
3071,445,122,109,103.95
3072,445,128,115,107.08
3073,446,115,104,110.18
3074,446,121,109,113.41
3075,446,127,114,116.98
3076,446,130,117,121.07
3077,446,135,122,125.73
3078,446,140,129,130.88
3079,446,144,136,136.37
3080,446,148,143,141.98
3081,446,151,149,147.43
3082,446,154,155,152.5
3083,446,158,163,156.97
3084,447,159,165,160.71
3085,447,161,169,163.66
3086,447,161,169,165.88
3087,447,161,169,167.47
3088,447,161,169,168.58
3089,447,161,169,169.35
3090,447,162,171,169.91
3091,447,162,171,170.36
3092,447,162,171,170.78
3093,447,162,171,171.22
3094,448,161,170,171.71
3095,448,160,168,172.24
3096,448,164,176,172.76
3097,448,164,176,173.21
3098,448,164,176,173.55
3099,448,163,174,173.8
3100,448,162,172,174.03
3101,448,162,172,174.35
3102,449,163,174,174.86
3103,449,164,176,175.61
3104,449,162,172,176.62
3105,449,164,176,177.81
3106,450,166,181,179.07
3107,450,167,183,180.29
3108,450,167,183,181.34
3109,450,167,183,182.18
3110,450,168,185,182.83
3111,451,168,185,183.37
3112,451,166,181,183.93
3113,451,166,181,184.62
3114,451,167,183,185.51
3115,451,169,187,186.57
3116,451,170,189,187.73
3117,452,170,189,188.84
3118,452,171,191,189.75
3119,452,171,192,190.35
3120,452,173,196,190.55
3121,453,172,194,190.35
3122,453,170,190,189.84
3123,453,169,188,189.19
3124,453,168,186,188.58
3125,453,168,186,188.18
3126,454,168,186,188.1
3127,454,168,186,188.38
3128,454,169,188,188.99
3129,454,169,188,189.84
3130,455,171,192,190.8
3131,455,171,192,191.72
3132,455,172,194,192.46
3133,455,173,197,192.91
3134,455,173,197,193.05
3135,456,171,193,192.93
3136,456,170,191,192.65
3137,456,170,191,192.37
3138,456,170,191,192.21
3139,457,170,191,192.26
3140,457,170,191,192.56
3141,457,170,191,193.08
3142,457,171,193,193.77
3143,457,172,195,194.51
3144,458,173,198,195.23
3145,458,173,198,195.88
3146,458,172,196,196.43
3147,458,172,196,196.91
3148,459,172,196,197.38
3149,459,173,198,197.85
3150,459,173,198,198.32
3151,459,174,200,198.78
3152,460,174,200,199.18
3153,460,174,200,199.5
3154,460,174,200,199.76
3155,460,174,200,199.97
3156,460,174,200,200.15
3157,461,174,200,200.33
3158,461,174,200,200.52
3159,461,174,200,200.71
3160,461,175,202,200.86
3161,461,175,202,200.93
3162,461,175,202,200.89
3163,462,174,201,200.73
3164,462,174,201,200.46
3165,462,174,201,200.13
3166,462,173,199,199.79
3167,463,173,199,199.49
3168,463,172,197,199.26
3169,463,173,199,199.08
3170,464,173,199,198.9
3171,464,173,200,198.63
3172,465,173,200,198.16
3173,465,173,200,197.39
3174,466,172,198,196.23
3175,466,171,196,194.63
3176,467,171,196,192.54
3177,468,169,192,189.94
3178,468,168,190,186.85
3179,468,166,186,183.28
3180,469,163,180,179.33
3181,469,161,176,175.04
3182,470,158,170,170.48
3183,470,156,166,165.68
3184,470,154,162,160.62
3185,470,152,158,155.3
3186,471,149,152,149.71
3187,471,146,146,143.94
3188,471,142,139,138.17
3189,471,137,130,132.64
3190,472,127,120,127.63
3191,472,124,117,123.37
3192,472,122,115,120.01
3193,473,120,114,117.58
3194,473,119,113,115.98
3195,474,117,112,115.06
3196,474,118,113,114.57
3197,475,120,114,114.28
3198,476,123,117,113.94
3199,476,126,120,113.39
3200,477,117,113,112.57
3201,477,116,112,111.51
3202,478,112,109,110.34
3203,478,110,108,109.22
3204,479,108,106,108.29
3205,479,108,106,107.67
3206,480,107,105,107.41
3207,480,107,105,107.51
3208,481,109,107,107.92
3209,481,110,108,108.56
3210,482,112,110,109.34
3211,482,113,111,110.2
3212,483,113,111,111.07
3213,483,115,112,111.95
3214,484,115,113,112.85
3215,484,116,113,113.81
3216,484,116,113,114.82
3217,485,118,116,115.89
3218,485,120,117,116.97
3219,485,122,119,118.0
3220,486,123,120,118.89
3221,486,125,121,119.58
3222,487,125,122,120.02
3223,487,124,121,120.17
3224,488,125,122,120.03
3225,489,123,121,119.63
3226,489,122,120,119.01
3227,490,119,118,118.23
3228,490,118,117,117.35
3229,491,117,116,116.4
3230,491,117,116,115.42
3231,492,116,115,114.39
3232,493,113,113,113.33
3233,493,112,113,112.22
3234,494,109,111,111.04
3235,494,108,110,109.79
3236,494,107,109,108.46
3237,495,105,108,107.05
3238,495,104,106,105.58
3239,496,100,104,104.06
3240,496,98,102,102.53
3241,496,97,101,101.0
3242,497,93,98,99.49
3243,497,94,99,97.98
3244,498,92,97,96.47
3245,498,91,96,94.94
3246,499,86,92,93.38
3247,499,84,91,91.8
3248,500,85,92,90.21
3249,500,84,91,88.67
3250,501,73,84,87.2
3251,501,73,84,85.81
3252,502,67,81,84.41
3253,503,70,83,82.85
3254,503,77,87,80.89
3255,503,78,88,78.32
3256,504,64,79,75.05
3257,504,59,77,71.16
3258,505,43,65,66.88
3259,505,38,58,62.54
3260,506,33,52,58.42
3261,506,32,51,54.73
3262,507,32,51,51.55
3263,507,32,51,48.89
3264,508,28,44,46.71
3265,508,27,41,44.98
3266,509,27,41,43.69
3267,509,25,37,42.78
3268,510,29,46,42.2
3269,510,28,44,41.91
3270,511,27,42,41.88
3271,511,24,36,42.11
3272,511,25,37,42.58
3273,512,29,46,43.24
3274,512,29,46,44.0
3275,512,29,46,44.76
3276,512,29,46,45.43
3277,512,29,46,45.98
3278,512,30,48,46.42
3279,512,30,48,46.79
3280,512,28,44,47.17
3281,512,29,46,47.56
3282,512,30,48,47.98
3283,512,31,50,48.38
3284,512,32,51,48.72
3285,512,31,50,48.98
3286,512,30,48,49.14
3287,512,30,48,49.24
3288,512,31,50,49.27
3289,512,31,50,49.27
3290,512,31,50,49.25
3291,512,31,50,49.23
3292,513,30,48,49.27
3293,513,30,48,49.42
3294,513,30,48,49.74
3295,513,30,48,50.25
3296,513,33,52,50.96
3297,513,33,52,51.89
3298,513,33,52,53.06
3299,513,33,52,54.52
3300,513,34,54,56.33
3301,513,36,57,58.58
3302,513,37,59,61.32
3303,513,38,60,64.58
3304,513,42,65,68.34
3305,513,49,72,72.5
3306,513,57,77,76.92
3307,513,64,81,81.37
3308,513,74,86,85.63
3309,513,86,94,89.47
3310,513,94,101,92.71
3311,513,95,101,95.3
3312,513,90,97,97.29
3313,513,91,98,98.81
3314,513,93,100,100.01
3315,513,94,101,101.04
3316,513,96,102,102.0
3317,513,98,104,102.95
3318,513,100,105,103.93
3319,514,97,103,104.99
3320,514,99,104,106.16
3321,514,101,106,107.46
3322,514,105,109,108.86
3323,514,108,111,110.33
3324,514,110,113,111.82
3325,514,112,115,113.32
3326,515,109,113,114.84
3327,515,112,115,116.41
3328,515,115,117,118.03
3329,515,117,119,119.67
3330,515,121,122,121.27
3331,515,125,125,122.74
3332,515,128,128,123.99
3333,516,123,124,124.97
3334,516,127,127,125.67
3335,516,129,129,126.13
3336,517,126,126,126.44
3337,517,127,127,126.66
3338,518,123,124,126.86
3339,518,126,126,127.07
3340,518,129,129,127.28
3341,519,127,128,127.46
3342,519,130,130,127.59
3343,520,126,127,127.64
3344,520,126,127,127.65
3345,520,127,128,127.65
3346,521,125,126,127.69
3347,521,128,129,127.79
3348,522,124,126,128.0
3349,522,127,128,128.34
3350,522,130,131,128.87
3351,523,124,126,129.67
3352,523,126,127,130.78
3353,523,129,130,132.28
3354,523,133,133,134.19
3355,523,138,138,136.53
3356,524,134,135,139.31
3357,524,137,138,142.47
3358,524,141,144,145.92
3359,524,143,149,149.51
3360,524,147,158,153.05
3361,524,148,160,156.39
3362,524,150,164,159.42
3363,525,147,158,162.12
3364,525,150,165,164.51
3365,525,152,169,166.62
3366,525,154,174,168.51
3367,526,150,165,170.21
3368,526,154,174,171.76
3369,526,154,174,173.2
3370,526,155,176,174.59
3371,527,154,174,176.0
3372,527,155,176,177.49
3373,527,157,181,179.1
3374,528,155,176,180.85
3375,528,157,181,182.71
3376,528,160,189,184.58
3377,529,159,186,186.38
3378,529,160,189,188.01
3379,529,162,193,189.39
3380,530,161,191,190.53
3381,530,162,193,191.45
3382,530,162,193,192.23
3383,531,160,190,192.96
3384,531,162,194,193.7
3385,532,161,192,194.47
3386,532,163,197,195.26
3387,533,163,197,196.05
3388,533,164,199,196.82
3389,534,163,197,197.61
3390,534,163,197,198.49
3391,535,163,198,199.49
3392,535,162,195,200.63
3393,536,165,203,201.84
3394,536,167,207,203.0
3395,537,167,207,204.0
3396,537,167,207,204.75
3397,538,166,205,205.25
3398,538,167,207,205.6
3399,539,166,205,205.89
3400,539,165,203,206.23
3401,540,166,205,206.69
3402,540,167,208,207.28
3403,541,167,208,207.94
3404,541,168,209,208.59
3405,542,168,210,209.14
3406,542,168,210,209.5
3407,543,170,214,209.62
3408,544,168,210,209.5
3409,544,168,210,209.18
3410,545,167,209,208.74
3411,545,167,208,208.29
3412,546,165,204,207.88
3413,547,166,206,207.54
3414,547,167,209,207.23
3415,548,168,210,206.9
3416,548,166,206,206.49
3417,549,166,207,205.98
3418,549,166,207,205.45
3419,550,164,203,204.98
3420,550,164,203,204.68
3421,551,163,201,204.62
3422,551,163,201,204.82
3423,552,166,207,205.19
3424,552,166,207,205.63
3425,553,166,207,206.0
3426,553,167,210,206.23
3427,554,166,207,206.3
3428,554,165,206,206.28
3429,554,164,203,206.24
3430,555,165,206,206.28
3431,555,165,206,206.45
3432,556,165,206,206.77
3433,557,165,206,207.18
3434,557,166,208,207.65
3435,558,166,208,208.07
3436,559,167,211,208.41
3437,559,168,212,208.63
3438,560,165,207,208.73
3439,561,165,207,208.77
3440,561,166,209,208.78
3441,562,166,209,208.79
3442,562,166,209,208.81
3443,563,166,209,208.81
3444,563,166,209,208.8
3445,564,166,209,208.76
3446,564,166,209,208.67
3447,565,165,208,208.52
3448,565,166,209,208.31
3449,565,166,209,208.03
3450,566,165,208,207.67
3451,566,165,208,207.25
3452,567,164,206,206.78
3453,567,164,206,206.26
3454,568,164,206,205.68
3455,569,164,206,205.02
3456,569,163,204,204.24
3457,570,163,205,203.29
3458,570,163,204,202.12
3459,571,162,202,200.7
3460,571,161,200,199.01
3461,572,160,198,197.01
3462,572,159,196,194.7
3463,573,158,194,192.05
3464,573,157,192,189.04
3465,574,154,186,185.66
3466,574,153,184,181.9
3467,574,151,180,177.78
3468,575,148,175,173.35
3469,575,146,171,168.69
3470,576,141,161,163.9
3471,576,139,158,159.1
3472,576,138,156,154.43
3473,577,132,149,150.06
3474,577,127,143,146.18
3475,578,120,137,142.99
3476,578,118,135,140.68
3477,579,116,133,139.39
3478,579,117,134,139.18
3479,579,118,135,139.99
3480,580,121,138,141.69
3481,580,124,141,144.12
3482,581,130,148,147.04
3483,581,133,151,150.27
3484,582,135,154,153.66
3485,582,137,156,157.11
3486,582,140,161,160.59
3487,583,142,165,164.1
3488,583,143,167,167.64
3489,583,144,169,171.2
3490,584,147,175,174.77
3491,584,149,179,178.25
3492,584,151,183,181.53
3493,585,153,186,184.51
3494,585,156,192,187.07
3495,585,157,194,189.16
3496,586,155,190,190.74
3497,586,156,192,191.83
3498,587,157,195,192.46
3499,587,158,197,192.68
3500,588,157,195,192.57
3501,588,156,193,192.26
3502,588,154,189,191.88
3503,589,153,187,191.58
3504,589,156,193,191.47
3505,590,155,191,191.64
3506,590,155,191,192.13
3507,591,154,189,192.94
3508,591,155,191,194.05
3509,592,157,196,195.39
3510,592,158,198,196.84
3511,593,158,198,198.28
3512,593,160,202,199.58
3513,593,160,202,200.66
3514,594,161,204,201.47
3515,594,161,204,202.03
3516,594,160,202,202.39
3517,595,160,202,202.64
3518,595,160,202,202.82
3519,596,160,202,202.95
3520,596,161,204,202.99
3521,596,161,204,202.85
3522,597,161,205,202.43
3523,597,161,205,201.63
3524,598,160,203,200.41
3525,598,159,201,198.78
3526,599,157,197,196.81
3527,599,157,197,194.67
3528,600,154,191,192.58
3529,600,153,189,190.78
3530,601,150,184,189.53
3531,601,149,182,188.99
3532,602,149,183,189.24
3533,603,152,188,190.2
3534,603,154,191,191.7
3535,604,156,195,193.5
3536,605,157,198,195.4
3537,605,157,198,197.26
3538,606,158,200,198.99
3539,606,158,200,200.61
3540,607,159,202,202.15
3541,607,160,204,203.64
3542,608,160,204,205.11
3543,608,161,206,206.54
3544,609,163,210,207.87
3545,609,163,210,209.07
3546,610,164,212,210.09
3547,610,164,212,210.93
3548,611,164,212,211.61
3549,611,164,212,212.16
3550,612,164,212,212.65
3551,612,165,213,213.08
3552,613,166,214,213.47
3553,613,166,214,213.78
3554,614,166,215,213.99
3555,615,166,215,214.04
3556,616,166,215,213.89
3557,616,166,215,213.54
3558,617,165,214,212.99
3559,618,164,213,212.27
3560,618,164,213,211.46
3561,619,162,209,210.65
3562,620,161,208,209.92
3563,621,161,208,209.37
3564,621,161,208,209.03
3565,622,161,208,208.91
3566,623,161,208,209.01
3567,623,161,208,209.26
3568,624,162,210,209.59
3569,625,162,210,209.95
3570,626,163,212,210.26
3571,626,163,212,210.5
3572,627,162,210,210.64
3573,628,162,211,210.71
3574,628,162,210,210.74
3575,629,162,211,210.73
3576,629,162,211,210.72
3577,630,162,211,210.73
3578,631,162,211,210.76
3579,631,161,209,210.85
3580,632,162,211,211.02
3581,633,162,211,211.28
3582,633,162,211,211.62
3583,634,162,211,212.02
3584,635,163,213,212.44
3585,635,163,213,212.83
3586,636,164,215,213.16
3587,637,164,215,213.44
3588,637,163,213,213.68
3589,638,162,212,213.92
3590,639,163,213,214.21
3591,639,164,215,214.55
3592,640,164,215,214.94
3593,640,165,216,215.36
3594,641,165,216,215.78
3595,641,165,216,216.17
3596,642,165,216,216.52
3597,643,166,217,216.79
3598,643,167,218,216.95
3599,644,168,219,216.97
3600,644,167,218,216.82
3601,645,166,217,216.52
3602,646,165,216,216.12
3603,646,165,216,215.67
3604,647,163,214,215.21
3605,648,163,214,214.78
3606,649,163,214,214.37
3607,650,163,214,213.94
3608,651,163,215,213.45
3609,652,163,215,212.87
3610,652,162,213,212.21
3611,653,161,211,211.51
3612,654,160,209,210.85
3613,655,159,208,210.27
3614,656,160,209,209.81
3615,657,161,212,209.48
3616,658,159,208,209.26
3617,659,159,208,209.11
3618,660,159,208,209.01
3619,661,160,210,208.94
3620,662,160,210,208.86
3621,663,159,208,208.76
3622,664,160,210,208.65
3623,665,159,208,208.54
3624,666,158,207,208.44
3625,667,158,207,208.33
3626,668,160,210,208.23
3627,669,160,210,208.11
3628,670,159,208,208.0
3629,671,159,208,207.97
3630,673,157,205,208.07
3631,674,157,205,208.35
3632,675,159,208,208.81
3633,676,160,210,209.41
3634,677,161,212,210.05
3635,678,161,211,210.65
3636,679,162,213,211.18
3637,680,161,211,211.6
3638,681,161,211,211.93
3639,682,162,213,212.16
3640,683,162,213,212.3
3641,684,162,213,212.34
3642,685,162,213,212.26
3643,686,162,213,212.09
3644,687,162,213,211.85
3645,688,161,211,211.6
3646,689,160,209,211.37
3647,690,159,208,211.14
3648,691,163,214,210.88
3649,692,163,214,210.57
3650,694,161,211,210.2
3651,695,161,211,209.84
3652,696,158,206,209.63
3653,697,158,206,209.69
3654,699,158,206,210.11
3655,700,159,207,210.86
3656,701,163,214,211.82
3657,703,164,216,212.82
3658,704,164,216,213.69
3659,705,164,216,214.31
3660,707,165,216,214.63
3661,708,164,216,214.69
3662,709,163,214,214.57
3663,710,163,214,214.36
3664,712,164,215,214.13
3665,713,162,213,213.96
3666,714,161,211,213.86
3667,715,162,213,213.82
3668,717,165,216,213.81
3669,718,165,216,213.79
3670,719,163,214,213.75
3671,721,162,212,213.67
3672,722,162,212,213.6
3673,723,163,214,213.53
3674,725,164,215,213.48
3675,726,163,214,213.46
3676,728,162,212,213.46
3677,729,162,212,213.48
3678,731,163,214,213.5
3679,733,163,214,213.46
3680,735,165,215,213.35
3681,737,163,214,213.12
3682,739,163,214,212.8
3683,741,163,214,212.45
3684,743,160,209,212.16
3685,745,160,209,211.99
3686,748,161,210,211.96
3687,750,162,212,212.02
3688,753,165,215,212.09
3689,756,165,215,212.1
3690,758,162,212,212.01
3691,761,162,212,211.83
3692,764,161,210,211.6
3693,768,161,210,211.37
3694,771,161,210,211.14
3695,775,164,215,210.88
3696,779,160,209,210.56
3697,783,162,212,210.15
3698,788,161,210,209.61
3699,793,161,210,208.96
3700,798,159,207,208.21
3701,804,160,209,207.38
3702,809,157,204,206.49
3703,815,160,209,205.57
3704,820,158,205,204.67
3705,824,156,202,203.87
3706,827,156,202,203.25
3707,828,155,200,202.92
